{"init_pred": {"__ndarray__": [[-0.0334155170432712], [-0.03350426552420793], [-0.03359759483622107], [-0.03369590087459093], [-0.03379958125259497], [-0.03390903128948755], [-0.034024639490367464], [-0.03414678254185119], [-0.03427581987878606], [-0.034412087919831136], [-0.03455589412677312], [-0.03470751111773035], [-0.034867171162630856], [-0.03503506151611027], [-0.035211321204887486], [-0.03539604009141997], [-0.03558926129186368], [-0.03579098834348049], [-0.036001198904382], [-0.036219867235950165], [-0.03644699827257333], [-0.03668267672725892], [-0.036927135410371736], [-0.037180847734773564], [-0.03744465020718696], [-0.037719901497455965], [-0.038008685329260106], [-0.038314064788536495], [-0.038640395470789346], [-0.03899370387263837], [-0.03938213516852129], [-0.03981647049749526], [-0.0403107075394159], [-0.04088268888308755], [-0.04155474995640063], [-0.04235434181508782], [-0.043314564068549305], [-0.0444745206587098], [-0.04587938829772481], [-0.04758006791336622], [-0.04963227915873719], [-0.05209496452430323], [-0.05502790167484822], [-0.058488488617007506], [-0.0625277708097062], [-0.06718591899765616], [-0.0724875256748774], [-0.07843723651467835], [-0.0850163291560079], [-0.0921808519853328], [-0.09986181026251764], [-0.10796763604432094], [-0.11638884022265719], [-0.12500439133531563], [-0.13368908178200425], [-0.1423209981667302], [-0.15078824009895], [-0.15899421367366165], [-0.16686110526032652], [-0.17433144446119578], [-0.1813679263890454], [-0.1879518418610868], [-0.19408054816475254], [-0.19976441463155434], [-0.2050236209808294], [-0.2098850993691411], [-0.21437981611623877], [-0.21854050183666704], [-0.2223998677140349], [-0.2259892938081081], [-0.22933794175259944], [-0.23247222612204502], [-0.23541557248221548], [-0.2381883920844551], [-0.24080821018949236], [-0.24328989463923437], [-0.24564594174285562], [-0.2478867866178163], [-0.25002111412826367], [-0.2520561541590023], [-0.25399795107162637], [-0.25585160188814726], [-0.25762146120203944], [-0.25931131322997436], [-0.26092451299694475], [-0.26246409958508754], [-0.2639328848391975], [-0.26533352104785457], [-0.26666855101820885], [-0.26794044371924775], [-0.269151618345458], [-0.2703044592950803], [-0.27140132419539464], [-0.2724445467617078], [-0.27343643595895495], [-0.27437927265132134], [-0.2752753046782954], [-0.2761267410846543], [-0.27693574605495896], [-0.2777044329571524]], "dtype": "float64", "shape": [100, 1], "Corder": true}, "loss": [{"__ndarray__": 100.0, "dtype": "float64", "shape": []}, {"__ndarray__": 96.00040812162024, "dtype": "float64", "shape": []}, {"__ndarray__": 92.08244056728904, "dtype": "float64", "shape": []}, {"__ndarray__": 88.24609733700643, "dtype": "float64", "shape": []}, {"__ndarray__": 84.49137843077237, "dtype": "float64", "shape": []}, {"__ndarray__": 80.81828384858687, "dtype": "float64", "shape": []}, {"__ndarray__": 77.22681359044994, "dtype": "float64", "shape": []}, {"__ndarray__": 73.7169676563616, "dtype": "float64", "shape": []}, {"__ndarray__": 70.2887460463218, "dtype": "float64", "shape": []}, {"__ndarray__": 66.94214876033058, "dtype": "float64", "shape": []}, {"__ndarray__": 63.67717579838791, "dtype": "float64", "shape": []}, {"__ndarray__": 60.49382716049382, "dtype": "float64", "shape": []}, {"__ndarray__": 57.39210284664831, "dtype": "float64", "shape": []}, {"__ndarray__": 54.37200285685134, "dtype": "float64", "shape": []}, {"__ndarray__": 51.43352719110294, "dtype": "float64", "shape": []}, {"__ndarray__": 48.576675849403124, "dtype": "float64", "shape": []}, {"__ndarray__": 45.80144883175187, "dtype": "float64", "shape": []}, {"__ndarray__": 43.10784613814917, "dtype": "float64", "shape": []}, {"__ndarray__": 40.49586776859504, "dtype": "float64", "shape": []}, {"__ndarray__": 37.96551372308948, "dtype": "float64", "shape": []}, {"__ndarray__": 35.51678400163248, "dtype": "float64", "shape": []}, {"__ndarray__": 33.149678604224064, "dtype": "float64", "shape": []}, {"__ndarray__": 30.864197530864196, "dtype": "float64", "shape": []}, {"__ndarray__": 28.660340781552907, "dtype": "float64", "shape": []}, {"__ndarray__": 26.538108356290174, "dtype": "float64", "shape": []}, {"__ndarray__": 24.497500255076016, "dtype": "float64", "shape": []}, {"__ndarray__": 22.538516477910417, "dtype": "float64", "shape": []}, {"__ndarray__": 20.661157024793393, "dtype": "float64", "shape": []}, {"__ndarray__": 18.865421895724925, "dtype": "float64", "shape": []}, {"__ndarray__": 17.151311090705033, "dtype": "float64", "shape": []}, {"__ndarray__": 15.5188246097337, "dtype": "float64", "shape": []}, {"__ndarray__": 13.96796245281094, "dtype": "float64", "shape": []}, {"__ndarray__": 12.498724619936741, "dtype": "float64", "shape": []}, {"__ndarray__": 11.111111111111109, "dtype": "float64", "shape": []}, {"__ndarray__": 9.80512192633405, "dtype": "float64", "shape": []}, {"__ndarray__": 8.58075706560555, "dtype": "float64", "shape": []}, {"__ndarray__": 7.438016528925621, "dtype": "float64", "shape": []}, {"__ndarray__": 6.376900316294255, "dtype": "float64", "shape": []}, {"__ndarray__": 5.39740842771146, "dtype": "float64", "shape": []}, {"__ndarray__": 4.499540863177226, "dtype": "float64", "shape": []}, {"__ndarray__": 3.68329762269156, "dtype": "float64", "shape": []}, {"__ndarray__": 2.9486787062544666, "dtype": "float64", "shape": []}, {"__ndarray__": 2.295684113865933, "dtype": "float64", "shape": []}, {"__ndarray__": 1.7243138455259668, "dtype": "float64", "shape": []}, {"__ndarray__": 1.234567901234567, "dtype": "float64", "shape": []}, {"__ndarray__": 0.8264462809917373, "dtype": "float64", "shape": []}, {"__ndarray__": 0.4999489847974704, "dtype": "float64", "shape": []}, {"__ndarray__": 0.2550760126517704, "dtype": "float64", "shape": []}, {"__ndarray__": 0.09182736455463712, "dtype": "float64", "shape": []}, {"__ndarray__": 0.010203040506070672, "dtype": "float64", "shape": []}, {"__ndarray__": 0.010203040506070672, "dtype": "float64", "shape": []}, {"__ndarray__": 0.09182736455463712, "dtype": "float64", "shape": []}, {"__ndarray__": 0.2550760126517704, "dtype": "float64", "shape": []}, {"__ndarray__": 0.4999489847974704, "dtype": "float64", "shape": []}, {"__ndarray__": 0.8264462809917341, "dtype": "float64", "shape": []}, {"__ndarray__": 1.234567901234567, "dtype": "float64", "shape": []}, {"__ndarray__": 1.7243138455259668, "dtype": "float64", "shape": []}, {"__ndarray__": 2.295684113865933, "dtype": "float64", "shape": []}, {"__ndarray__": 2.948678706254461, "dtype": "float64", "shape": []}, {"__ndarray__": 3.68329762269156, "dtype": "float64", "shape": []}, {"__ndarray__": 4.499540863177226, "dtype": "float64", "shape": []}, {"__ndarray__": 5.39740842771146, "dtype": "float64", "shape": []}, {"__ndarray__": 6.37690031629425, "dtype": "float64", "shape": []}, {"__ndarray__": 7.438016528925616, "dtype": "float64", "shape": []}, {"__ndarray__": 8.58075706560555, "dtype": "float64", "shape": []}, {"__ndarray__": 9.80512192633405, "dtype": "float64", "shape": []}, {"__ndarray__": 11.111111111111114, "dtype": "float64", "shape": []}, {"__ndarray__": 12.498724619936736, "dtype": "float64", "shape": []}, {"__ndarray__": 13.967962452810935, "dtype": "float64", "shape": []}, {"__ndarray__": 15.5188246097337, "dtype": "float64", "shape": []}, {"__ndarray__": 17.151311090705033, "dtype": "float64", "shape": []}, {"__ndarray__": 18.865421895724918, "dtype": "float64", "shape": []}, {"__ndarray__": 20.661157024793383, "dtype": "float64", "shape": []}, {"__ndarray__": 22.538516477910417, "dtype": "float64", "shape": []}, {"__ndarray__": 24.497500255076016, "dtype": "float64", "shape": []}, {"__ndarray__": 26.538108356290163, "dtype": "float64", "shape": []}, {"__ndarray__": 28.660340781552897, "dtype": "float64", "shape": []}, {"__ndarray__": 30.864197530864196, "dtype": "float64", "shape": []}, {"__ndarray__": 33.149678604224064, "dtype": "float64", "shape": []}, {"__ndarray__": 35.51678400163247,