{"case_0": {"raw_one_shape": {"__ndarray__": [506, 5], "dtype": "int64", "shape": [2]}, "raw_feature_means": {"__ndarray__": [0.5546950697898865, 6.284634113311768, 3.7950427532196045, 9.549407005310059], "dtype": "float32", "shape": [4]}, "raw_feature_stds": {"__ndarray__": [0.1157631203532219, 0.7019225358963013, 2.103628396987915, 8.698651313781738], "dtype": "float32", "shape": [4]}, "zero_loss": 592.1469116210938, "raw_mse_solution_weights": {"__ndarray__": [-12.021449089050293, -20.676061630249023, 8.030564308166504, -0.7092881202697754, -0.1837007701396942], "dtype": "float32", "shape": [5]}, "raw_mse_solution_loss": 36.832950592041016, "raw_two_feature_mse_solution_weights": {"__ndarray__": [38.11050033569336, -24.58833122253418, -0.20301461219787598], "dtype": "float32", "shape": [3]}, "raw_two_feature_gd_final_weights": {"__ndarray__": [3.550042152404785, 1.631934642791748, 0.8501667380332947], "dtype": "float32", "shape": [3]}, "raw_two_feature_loss_history": {"__ndarray__": [592.1469116210938, 476.30657958984375, 424.73370361328125, 401.5625305175781, 390.943359375, 385.8719177246094, 383.2529602050781, 381.71868896484375, 380.6645202636719, 379.8233642578125, 379.07720947265625, 378.37384033203125, 377.6902160644531, 377.01617431640625, 376.3471374511719, 375.68121337890625, 375.0174255371094, 374.3553466796875, 373.6949768066406, 373.0361022949219, 372.3786926269531, 371.72283935546875, 371.068359375, 370.41534423828125, 369.7638244628906, 369.1137390136719, 368.4650573730469, 367.8178405761719, 367.17205810546875, 366.5277099609375, 365.8847961425781, 365.2432861328125, 364.603271484375, 363.964599609375, 363.3274230957031, 362.69158935546875, 362.05718994140625, 361.4241943359375, 360.7926025390625, 360.16241455078125, 359.5336608886719, 358.90631103515625, 358.28033447265625, 357.6557312011719, 357.032470703125, 356.4106750488281, 355.7901916503906, 355.1711730957031, 354.5534973144531, 353.9371337890625, 353.32220458984375, 352.7086181640625, 352.09637451171875, 351.48553466796875, 350.8759765625, 350.2678527832031, 349.6610412597656, 349.0555725097656, 348.45147705078125, 347.84869384765625, 347.2472839355469, 346.6471862792969, 346.0484313964844, 345.4509582519531, 344.8548583984375, 344.26007080078125, 343.6665954589844, 343.0744934082031, 342.483642578125, 341.89410400390625, 341.305908203125, 340.718994140625, 340.1333923339844, 339.54913330078125, 338.9660949707031, 338.3843994140625, 337.8039855957031, 337.224853515625, 336.6470031738281, 336.0704650878906, 335.49517822265625, 334.92120361328125, 334.34844970703125, 333.7769775390625, 333.2068176269531, 332.6379089355469, 332.0702209472656, 331.50384521484375, 330.938720703125, 330.3748474121094, 329.81219482421875, 329.25079345703125, 328.6907043457031, 328.1318054199219, 327.57415771484375, 327.0177307128906, 326.46258544921875, 325.9085998535156, 325.3559265136719, 324.804443359375, 324.254150390625, 323.7051086425781, 323.15728759765625, 322.6107177734375, 322.0653076171875, 321.5211181640625, 320.97821044921875, 320.4364318847656, 319.89581298828125, 319.3564758300781, 318.8183288574219, 318.2813720703125, 317.74554443359375, 317.2109680175781, 316.6775817871094, 316.1453857421875, 315.6143493652344, 315.08447265625, 314.5558166503906, 314.0283508300781, 313.5019836425781, 312.9768371582031, 312.45281982421875, 311.92999267578125, 311.4083251953125, 310.8877868652344, 310.3684387207031, 309.85028076171875, 309.33319091796875, 308.8172912597656, 308.3025207519531, 307.7889099121094, 307.27642822265625, 306.76507568359375, 306.2548828125, 305.74578857421875, 305.2378845214844, 304.7310791015625, 304.2253723144531, 303.7208251953125, 303.2173767089844, 302.7150573730469, 302.2138366699219, 301.7137451171875, 301.2147216796875, 300.71685791015625, 300.2201232910156, 299.72442626953125, 299.2298583984375, 298.7364196777344, 298.2440490722656, 297.75274658203125, 297.2625427246094, 296.7734680175781, 296.2854309082031, 295.7984924316406, 295.3126220703125, 294.827880859375, 294.34417724609375, 293.8615417480469, 293.3800048828125], "dtype": "float32", "shape": [161]}, "decorrelated_two_feature_mse_solution_weights": {"__ndarray__": [22.532806396484375, -2.280667543411255, -3.4881250858306885], "dtype": "float32", "shape": [3]}, "decorrelated_two_feature_gd_final_weights": {"__ndarray__": [22.532806396484375, -2.2806694507598877, -3.4881339073181152], "dtype": "float32", "shape": [3]}, "decorrelated_two_feature_loss_history": {"__ndarray__": [592.1469116210938, 88.05565643310547, 67.89179992675781, 67.0852279663086, 67.05297088623047, 67.05167388916016, 67.05162811279297, 67.05162811279297, 67.05162811279297, 67.05162048339844, 67.05162048339844, 67.05162811279297, 67.05162811279297, 67.05162811279297, 67.05162811279297, 67.05162811279297, 67.05162811279297, 67.05162811279297, 67.05162811279297, 67.05162811279297, 67.05162811279297, 67.05162811279297, 67.05162811279297, 67.05162811279297, 67.05162811279297, 67.05162811279297, 67.05162811279297, 67.05162811279297, 67.05162811279297, 67.05162811279297, 67.05162811279297, 67.05162811279297, 67.05162811279297, 67.05162811279297, 67.05162811279297, 67.05162811279297, 67.05162811279297, 67.05162811279297, 67.05162811279297, 67.05162811279297, 67.05162811279297], "dtype": "float32", "shape": [41]}, "decorrelated_two_feature_eigenvalues": {"__ndarray__": [505.9394226074219, 505.9994812011719, 506.0000305175781], "dtype": "float32", "shape": [3]}, "decorrelated_covariance": {"__ndarray__": [[0.9998798703216507, 2.412369516394591e-06], [2.412369516394591e-06, 0.9999987948645064]], "dtype": "float64", "shape": [2, 2], "Corder": true}, "normalized_two_feature_mse_solution_weights": {"__ndarray__": [22.532808303833008, -2.8710503578186035, -1.7661516666412354], "dtype": "float32", "shape": [3]}, "normalized_two_feature_gd_final_weights": {"__ndarray__": [22.532806396484375, -2.8710451126098633, -1.7661502361297607], "dtype": "float32", "shape": [3]}, "normalized_two_feature_loss_history": {"__ndarray__": [592.1469116210938, 194.44117736816406, 98.72330474853516, 74.9820327758789, 69.05559539794922, 67.56910705566406, 67.19234466552734, 67.09435272216797, 67.0672607421875, 67.05876922607422, 67.0555191040039, 67.0539779663086, 67.05311584472656, 67.05258178710938, 67.05224609375, 67.05203247070312, 67.05189514160156, 67.05180358886719, 67.0517349243164, 67.05169677734375, 67.05166625976562, 67.0516586303711, 67.05164337158203, 67.05164337158203, 67.05162811279297, 67.05162811279297, 67.05162811279297, 67.05162811279297, 67.05162811279297, 67.05162811279297, 67.05162048339844, 67.05162811279297, 67.05162048339844, 67.05162811279297, 67.05162048339844, 67.05162048339844, 67.05162048339844, 67.05162811279297, 67.05162048339844, 67.05162811279297, 67.05162811279297, 67.05162811279297, 67.05162811279297, 67.05162048339844, 67.05162811279297, 67.05162811279297, 67.05162811279297, 67.05162048339844, 67.05162048339844, 67.05162811279297, 67.05162811279297, 67.05162048339844, 67.05162811279297, 67.05162811279297, 67.05162811279297, 67.05162048339844, 67.05162811279297, 67.05162811279297, 67.05162811279297, 67.05162811279297, 67.05162811279297, 67.05162811279297, 67.05162811279297, 67.05162811279297, 67.05162811279297, 67.05162811279297, 67.05162811279297, 67.05162048339844, 67.05162048339844, 67.05162048339844, 67.05162048339844, 67.05162048339844, 67.05162048339844, 67.05162048339844, 67.05162048339844, 67.05162048339844, 67.05162048339844, 67.05162048339844, 67.05162048339844, 67.05162048339844, 67.05162048339844], "dtype": "float32", "shape": [81]}, "normalized_two_feature_eigenvalues": {"__ndarray__": [194.89295959472656, 506.0, 808.359619140625], "dtype": "float32", "shape": [3]}, "all_normalized_mse_solution_weights": {"__ndarray__": [22.53280258178711, -2.4143505096435547, 5.644593238830566, -1.4928773641586304, -1.5981794595718384], "dtype": "float32", "shape": [5]}, "all_normalized_mse_solution_loss": 36.83295440673828,